cx,cy,cz,a,b,theta,A1,A2,phi1,E,E_i01,E_i02,E_ip1,E_ip2,E_ip3,E_ip4,E_it1,E_it2,E_it3,E_it4,machine_type,status,file_name
0,2.4,11.6,7.8,6,27,2,-6,0,-10.11913213,-1.30236563,-1.302359355,-0.066585086,-1.369044842,-0.066585086,-1.369044842,-0.162926696,-0.997860127,-0.997860127,-0.162926696,2,Done,BTBT_a=7.8_b=6_theta=27_A1=2_A2=-6_phi1=0_cx=0.0_cy=2.4_cz=11.6.log
0.1,2.4,11.6,7.8,6,27,2,-6,0,-10.11788339,-1.380352572,-1.222502432,-0.068109935,-1.280227077,-0.065022586,-1.451581232,-0.160109177,-0.92838222,-1.070845815,-0.165706566,2,Done,BTBT_a=7.8_b=6_theta=27_A1=2_A2=-6_phi1=0_cx=0.1_cy=2.4_cz=11.6.log
-0.1,2.4,11.6,7.8,6,27,2,-6,0,-10.11787711,-1.222502432,-1.380346297,-0.065022586,-1.451581232,-0.068109935,-1.280227077,-0.165706566,-1.070845815,-0.92838222,-0.160109177,2,Done,BTBT_a=7.8_b=6_theta=27_A1=2_A2=-6_phi1=0_cx=-0.1_cy=2.4_cz=11.6.log
0,2.4,11.5,7.8,6,27,2,-6,0,-10.07855734,-1.210215786,-1.210209511,-0.069659885,-1.290078984,-0.069659885,-1.290078984,-0.172238945,-1.062424631,-1.062424631,-0.172238945,2,Done,BTBT_a=7.8_b=6_theta=27_A1=2_A2=-6_phi1=0_cx=0.0_cy=2.4_cz=11.5.log
-0.1,2.4,11.5,7.8,6,27,2,-6,0,-10.07541979,-1.105785572,-1.311985358,-0.06805346,-1.401198455,-0.071197284,-1.171680397,-0.175376495,-1.139664837,-0.98864828,-0.169070019,2,Done,BTBT_a=7.8_b=6_theta=27_A1=2_A2=-6_phi1=0_cx=-0.1_cy=2.4_cz=11.5.log
0.1,2.4,11.5,7.8,6,27,2,-6,0,-10.07541979,-1.311991633,-1.105779297,-0.071197284,-1.171680397,-0.06805346,-1.401198455,-0.169070019,-0.98864828,-1.139664837,-0.175376495,2,Done,BTBT_a=7.8_b=6_theta=27_A1=2_A2=-6_phi1=0_cx=0.1_cy=2.4_cz=11.5.log
0.8,2.4,11.6,7.8,6,27,2,-6,0,-10.03000061,-1.75606791,-0.747088306,-0.076618971,-0.708898047,-0.052679464,-1.727804859,-0.139746477,-0.544578278,-1.61241832,-0.183678452,2,Done,BTBT_a=7.8_b=6_theta=27_A1=2_A2=-6_phi1=0_cx=0.8_cy=2.4_cz=11.6.log
-0.8,2.4,11.6,7.8,6,27,2,-6,0,-10.03000061,-0.747094581,-1.75606791,-0.052679464,-1.727804859,-0.076612696,-0.708898047,-0.183678452,-1.61241832,-0.544578278,-0.139746477,2,Done,BTBT_a=7.8_b=6_theta=27_A1=2_A2=-6_phi1=0_cx=-0.8_cy=2.4_cz=11.6.log
0,2.5,11.6,7.8,6,27,2,-6,0,-10.00887863,-1.407793585,-1.407787309,-0.064012295,-1.225081498,-0.064012295,-1.225081498,-0.155697781,-0.998079756,-0.998079756,-0.155697781,2,Done,BTBT_a=7.8_b=6_theta=27_A1=2_A2=-6_phi1=0_cx=0.0_cy=2.5_cz=11.6.log
-0.1,2.5,11.6,7.8,6,27,2,-6,0,-10.00629329,-1.336483348,-1.475376412,-0.062499996,-1.334958499,-0.065455568,-1.109243152,-0.158163896,-1.07149215,-0.928300643,-0.153181466,2,Done,BTBT_a=7.8_b=6_theta=27_A1=2_A2=-6_phi1=0_cx=-0.1_cy=2.5_cz=11.6.log
0.1,2.5,11.6,7.8,6,27,2,-6,0,-10.00628701,-1.475376412,-1.336477073,-0.065455568,-1.109243152,-0.062499996,-1.334958499,-0.153181466,-0.928300643,-1.07149215,-0.158163896,2,Done,BTBT_a=7.8_b=6_theta=27_A1=2_A2=-6_phi1=0_cx=0.1_cy=2.5_cz=11.6.log
0.1,2.3,11.6,7.8,6,27,2,-6,0,-9.999202423,-1.223700976,-1.043737383,-0.070883529,-1.394603325,-0.067658128,-1.524234341,-0.167369467,-0.927403304,-1.068768757,-0.173650842,2,Done,BTBT_a=7.8_b=6_theta=27_A1=2_A2=-6_phi1=0_cx=0.1_cy=2.3_cz=11.6.log
-0.1,2.3,11.6,7.8,6,27,2,-6,0,-9.999189873,-1.043731108,-1.223694701,-0.067658128,-1.524234341,-0.070883529,-1.394603325,-0.173650842,-1.068768757,-0.927403304,-0.167369467,2,Done,BTBT_a=7.8_b=6_theta=27_A1=2_A2=-6_phi1=0_cx=-0.1_cy=2.3_cz=11.6.log
0.9,2.4,11.6,7.8,6,27,2,-6,0,-9.998995343,-1.773311885,-0.710623699,-0.07750376,-0.661508492,-0.050784384,-1.720218263,-0.13679718,-0.504398813,-1.675388949,-0.185937488,2,Done,BTBT_a=7.8_b=6_theta=27_A1=2_A2=-6_phi1=0_cx=0.9_cy=2.4_cz=11.6.log
-0.9,2.4,11.6,7.8,6,27,2,-6,0,-9.998995343,-0.710623699,-1.773311885,-0.050784384,-1.720218263,-0.07750376,-0.661508492,-0.185937488,-1.675388949,-0.504398813,-0.13679718,2,Done,BTBT_a=7.8_b=6_theta=27_A1=2_A2=-6_phi1=0_cx=-0.9_cy=2.4_cz=11.6.log
0,2.3,11.6,7.8,6,27,2,-6,0,-9.998298808,-1.133201483,-1.133195208,-0.06930848,-1.462688159,-0.06930848,-1.462688159,-0.170525842,-0.996454505,-0.996454505,-0.170519567,2,Done,BTBT_a=7.8_b=6_theta=27_A1=2_A2=-6_phi1=0_cx=0.0_cy=2.3_cz=11.6.log
0.8,2.3,11.6,7.8,6,27,2,-6,0,-9.995462464,-1.725414046,-0.590599862,-0.079737696,-0.895732874,-0.054725147,-1.689602051,-0.145023836,-0.544471602,-1.595952458,-0.194377498,2,Done,BTBT_a=7.8_b=6_theta=27_A1=2_A2=-6_phi1=0_cx=0.8_cy=2.3_cz=11.6.log
-0.8,2.3,11.6,7.8,6,27,2,-6,0,-9.995456189,-0.590599862,-1.725414046,-0.054725147,-1.689602051,-0.079737696,-0.895726599,-0.194377498,-1.595952458,-0.544471602,-0.145023836,2,Done,BTBT_a=7.8_b=6_theta=27_A1=2_A2=-6_phi1=0_cx=-0.8_cy=2.3_cz=11.6.log
-0.9,2.3,11.6,7.8,6,27,2,-6,0,-9.972006138,-0.567639271,-1.759412538,-0.05274849,-1.673700947,-0.080666411,-0.841879966,-0.197069515,-1.654781521,-0.504285861,-0.14184236,2,Done,BTBT_a=7.8_b=6_theta=27_A1=2_A2=-6_phi1=0_cx=-0.9_cy=2.3_cz=11.6.log
0.9,2.3,11.6,7.8,6,27,2,-6,0,-9.971999863,-1.759412538,-0.567632996,-0.080666411,-0.841879966,-0.05274849,-1.673700947,-0.14184236,-0.504285861,-1.654781521,-0.197069515,2,Done,BTBT_a=7.8_b=6_theta=27_A1=2_A2=-6_phi1=0_cx=0.9_cy=2.3_cz=11.6.log
0,2.4,11.7,7.8,6,27,2,-6,0,-9.955609302,-1.338623157,-1.338616882,-0.063635789,-1.397000412,-0.063629514,-1.397000412,-0.154097631,-0.935178153,-0.935178153,-0.154097631,2,Done,BTBT_a=7.8_b=6_theta=27_A1=2_A2=-6_phi1=0_cx=0.0_cy=2.4_cz=11.7.log
-0.1,2.4,11.7,7.8,6,27,2,-6,0,-9.955082194,-1.276091786,-1.399623404,-0.06209839,-1.45801321,-0.065122988,-1.330540829,-0.156563745,-1.003746171,-0.869879462,-0.151606416,2,Done,BTBT_a=7.8_b=6_theta=27_A1=2_A2=-6_phi1=0_cx=-0.1_cy=2.4_cz=11.7.log
0.1,2.4,11.7,7.8,6,27,2,-6,0,-9.955063368,-1.399610854,-1.276091786,-0.065122988,-1.330534553,-0.06209839,-1.45801321,-0.151606416,-0.869879462,-1.003746171,-0.156563745,2,Done,BTBT_a=7.8_b=6_theta=27_A1=2_A2=-6_phi1=0_cx=0.1_cy=2.4_cz=11.7.log
1,2.4,11.6,7.8,6,27,2,-6,0,-9.95261608,-1.780120368,-0.685975107,-0.078313248,-0.626098102,-0.048889304,-1.702560132,-0.133860433,-0.467557701,-1.725803102,-0.188108673,2,Done,BTBT_a=7.8_b=6_theta=27_A1=2_A2=-6_phi1=0_cx=1.0_cy=2.4_cz=11.6.log
-1,2.4,11.6,7.8,6,27,2,-6,0,-9.95261608,-0.685975107,-1.780120368,-0.048889304,-1.702560132,-0.078313248,-0.626098102,-0.188108673,-1.725803102,-0.467557701,-0.133860433,2,Done,BTBT_a=7.8_b=6_theta=27_A1=2_A2=-6_phi1=0_cx=-1.0_cy=2.4_cz=11.6.log
0,2.3,11.5,7.8,6,27,2,-6,0,-9.945989575,-0.981921373,-0.981915098,-0.072540156,-1.436157037,-0.072540156,-1.436157037,-0.18040285,-1.06078683,-1.06078683,-0.18040285,2,Done,BTBT_a=7.8_b=6_theta=27_A1=2_A2=-6_phi1=0_cx=0.0_cy=2.3_cz=11.5.log
-0.1,2.3,11.5,7.8,6,27,2,-6,0,-9.945274213,-0.865060186,-1.099560673,-0.070870979,-1.519590766,-0.074159132,-1.345036309,-0.183935731,-1.137148521,-0.987537587,-0.176876244,2,Done,BTBT_a=7.8_b=6_theta=27_A1=2_A2=-6_phi1=0_cx=-0.1_cy=2.3_cz=11.5.log
0.1,2.3,11.5,7.8,6,27,2,-6,0,-9.945274213,-1.099560673,-0.865060186,-0.074159132,-1.345036309,-0.070870979,-1.519590766,-0.176876244,-0.987537587,-1.137148521,-0.183935731,2,Done,BTBT_a=7.8_b=6_theta=27_A1=2_A2=-6_phi1=0_cx=0.1_cy=2.3_cz=11.5.log
-1,2.3,11.6,7.8,6,27,2,-6,0,-9.929235057,-0.558025818,-1.781394213,-0.050753009,-1.64939121,-0.081494724,-0.795714055,-0.199667407,-1.700445423,-0.467451024,-0.13866716,2,Done,BTBT_a=7.8_b=6_theta=27_A1=2_A2=-6_phi1=0_cx=-1.0_cy=2.3_cz=11.6.log
1,2.3,11.6,7.8,6,27,2,-6,0,-9.929228782,-1.781394213,-0.558019542,-0.081494724,-0.795714055,-0.050753009,-1.64939121,-0.13866716,-0.467451024,-1.700445423,-0.199667407,2,Done,BTBT_a=7.8_b=6_theta=27_A1=2_A2=-6_phi1=0_cx=1.0_cy=2.3_cz=11.6.log
0,2.5,11.5,7.8,6,27,2,-6,0,-9.918134405,-1.361445696,-1.361445696,-0.066905116,-1.076286327,-0.066905116,-1.076286327,-0.164457821,-1.062757211,-1.062757211,-0.164457821,2,Done,BTBT_a=7.8_b=6_theta=27_A1=2_A2=-6_phi1=0_cx=0.0_cy=2.5_cz=11.5.log
-0.1,2.5,11.5,7.8,6,27,2,-6,0,-9.913930088,-1.268373413,-1.449717527,-0.065373992,-1.223581749,-0.068392315,-0.922213796,-0.16725024,-1.140606102,-0.988654555,-0.161627751,2,Done,BTBT_a=7.8_b=6_theta=27_A1=2_A2=-6_phi1=0_cx=-0.1_cy=2.5_cz=11.5.log
0.1,2.5,11.5,7.8,6,27,2,-6,0,-9.913930088,-1.449717527,-1.268373413,-0.068392315,-0.922213796,-0.065373992,-1.223581749,-0.161627751,-0.988654555,-1.140606102,-0.16725024,2,Done,BTBT_a=7.8_b=6_theta=27_A1=2_A2=-6_phi1=0_cx=0.1_cy=2.5_cz=11.5.log
0.9,2.4,11.7,7.8,6,27,2,-6,0,-9.906563121,-1.690737844,-0.868944473,-0.074422686,-0.84835587,-0.048280619,-1.623864103,-0.130553456,-0.474849367,-1.596630169,-0.173945772,2,Done,BTBT_a=7.8_b=6_theta=27_A1=2_A2=-6_phi1=0_cx=0.9_cy=2.4_cz=11.7.log
-0.9,2.4,11.7,7.8,6,27,2,-6,0,-9.906563121,-0.868950748,-1.690731568,-0.048280619,-1.623864103,-0.074422686,-0.84835587,-0.173945772,-1.596630169,-0.474849367,-0.130553456,2,Done,BTBT_a=7.8_b=6_theta=27_A1=2_A2=-6_phi1=0_cx=-0.9_cy=2.4_cz=11.7.log
0.8,2.4,11.5,7.8,6,27,2,-6,0,-9.895393443,-1.815329954,-0.483998463,-0.079800447,-0.428777583,-0.055346382,-1.809939643,-0.146523585,-0.578514019,-1.689959731,-0.19610315,2,Done,BTBT_a=7.8_b=6_theta=27_A1=2_A2=-6_phi1=0_cx=0.8_cy=2.4_cz=11.5.log
-0.8,2.4,11.5,7.8,6,27,2,-6,0,-9.895393443,-0.483998463,-1.815323679,-0.055352657,-1.809939643,-0.079800447,-0.428777583,-0.19610315,-1.689959731,-0.578514019,-0.146523585,2,Done,BTBT_a=7.8_b=6_theta=27_A1=2_A2=-6_phi1=0_cx=-0.8_cy=2.4_cz=11.5.log
-0.8,2.3,11.7,7.8,6,27,2,-6,0,-9.89274535,-0.791434437,-1.670538297,-0.052008029,-1.592432127,-0.076480919,-1.013278048,-0.181858673,-1.516290064,-0.511928933,-0.138209077,2,Done,BTBT_a=7.8_b=6_theta=27_A1=2_A2=-6_phi1=0_cx=-0.8_cy=2.3_cz=11.7.log
0.8,2.3,11.7,7.8,6,27,2,-6,0,-9.892739076,-1.670538297,-0.791434437,-0.076487194,-1.013278048,-0.052008029,-1.592432127,-0.138209077,-0.511922658,-1.516290064,-0.181858673,2,Done,BTBT_a=7.8_b=6_theta=27_A1=2_A2=-6_phi1=0_cx=0.8_cy=2.3_cz=11.7.log
0.9,2.3,11.7,7.8,6,27,2,-6,0,-9.88426769,-1.69299688,-0.771636497,-0.077403359,-0.970174385,-0.050100398,-1.573437399,-0.135297431,-0.474767791,-1.58005763,-0.184136534,2,Done,BTBT_a=7.8_b=6_theta=27_A1=2_A2=-6_phi1=0_cx=0.9_cy=2.3_cz=11.7.log
-0.9,2.3,11.7,7.8,6,27,2,-6,0,-9.884261415,-0.771636497,-1.692990605,-0.050100398,-1.573437399,-0.077403359,-0.970174385,-0.184136534,-1.58005763,-0.474767791,-0.135297431,2,Done,BTBT_a=7.8_b=6_theta=27_A1=2_A2=-6_phi1=0_cx=-0.9_cy=2.3_cz=11.7.log
0,2.5,11.7,7.8,6,27,2,-6,0,-9.882786765,-1.408791325,-1.40878505,-0.0612136,-1.306067938,-0.0612136,-1.306067938,-0.147376998,-0.93528483,-0.93528483,-0.147376998,2,Done,BTBT_a=7.8_b=6_theta=27_A1=2_A2=-6_phi1=0_cx=0.0_cy=2.5_cz=11.7.log
1.1,2.4,11.6,7.8,6,27,2,-6,0,-9.882259659,-1.776863591,-0.67363826,-0.079028609,-0.602622953,-0.046987949,-1.67577173,-0.130917411,-0.433747462,-1.758835229,-0.190173181,2,Done,BTBT_a=7.8_b=6_theta=27_A1=2_A2=-6_phi1=0_cx=1.1_cy=2.4_cz=11.6.log
-1.1,2.4,11.6,7.8,6,27,2,-6,0,-9.882259659,-0.67363826,-1.776863591,-0.046987949,-1.67577173,-0.079028609,-0.602622953,-0.190173181,-1.758835229,-0.433747462,-0.130917411,2,Done,BTBT_a=7.8_b=6_theta=27_A1=2_A2=-6_phi1=0_cx=-1.1_cy=2.4_cz=11.6.log
-0.1,2.5,11.7,7.8,6,27,2,-6,0,-9.880778734,-1.352848809,-1.461602567,-0.059745227,-1.387499911,-0.062625498,-1.219346056,-0.149554458,-1.004197978,-0.869653559,-0.145149338,2,Done,BTBT_a=7.8_b=6_theta=27_A1=2_A2=-6_phi1=0_cx=-0.1_cy=2.5_cz=11.7.log
0.1,2.5,11.7,7.8,6,27,2,-6,0,-9.880778734,-1.461602567,-1.352848809,-0.062625498,-1.219346056,-0.059745227,-1.387499911,-0.145149338,-0.869653559,-1.004197978,-0.149554458,2,Done,BTBT_a=7.8_b=6_theta=27_A1=2_A2=-6_phi1=0_cx=0.1_cy=2.5_cz=11.7.log
-1,2.4,11.7,7.8,6,27,2,-6,0,-9.877678835,-0.845845829,-1.691108075,-0.04644829,-1.602666815,-0.075232174,-0.818624446,-0.175746726,-1.654612093,-0.440668897,-0.127848887,2,Done,BTBT_a=7.8_b=6_theta=27_A1=2_A2=-6_phi1=0_cx=-1.0_cy=2.4_cz=11.7.log
1,2.4,11.7,7.8,6,27,2,-6,0,-9.87767256,-1.691108075,-0.845839554,-0.075232174,-0.818624446,-0.04644829,-1.602666815,-0.127848887,-0.440668897,-1.654612093,-0.175746726,2,Done,BTBT_a=7.8_b=6_theta=27_A1=2_A2=-6_phi1=0_cx=1.0_cy=2.4_cz=11.7.log
0.9,2.5,11.6,7.8,6,27,2,-6,0,-9.87135981,-1.760830711,-0.815744175,-0.074497987,-0.406457052,-0.048926955,-1.758188893,-0.131915152,-0.504028582,-1.691873637,-0.175539647,2,Done,BTBT_a=7.8_b=6_theta=27_A1=2_A2=-6_phi1=0_cx=0.9_cy=2.5_cz=11.6.log
-0.9,2.5,11.6,7.8,6,27,2,-6,0,-9.87135981,-0.815744175,-1.760830711,-0.048926955,-1.758188893,-0.074497987,-0.406457052,-0.175539647,-1.691873637,-0.504028582,-0.131915152,2,Done,BTBT_a=7.8_b=6_theta=27_A1=2_A2=-6_phi1=0_cx=-0.9_cy=2.5_cz=11.6.log
1,2.3,11.7,7.8,6,27,2,-6,0,-9.860698415,-1.705346277,-0.761069228,-0.078244222,-0.932862641,-0.048180218,-1.547508686,-0.13239206,-0.440606146,-1.634418821,-0.186326544,2,Done,BTBT_a=7.8_b=6_theta=27_A1=2_A2=-6_phi1=0_cx=1.0_cy=2.3_cz=11.7.log
-1,2.3,11.7,7.8,6,27,2,-6,0,-9.860698415,-0.761069228,-1.705346277,-0.048180218,-1.547508686,-0.078244222,-0.932862641,-0.186326544,-1.634418821,-0.440606146,-0.13239206,2,Done,BTBT_a=7.8_b=6_theta=27_A1=2_A2=-6_phi1=0_cx=-1.0_cy=2.3_cz=11.7.log
-1.1,2.3,11.6,7.8,6,27,2,-6,0,-9.858602531,-0.561853629,-1.79154105,-0.048757527,-1.617639203,-0.082222635,-0.757705775,-0.202164897,-1.728074689,-0.433684711,-0.13551706,2,Done,BTBT_a=7.8_b=6_theta=27_A1=2_A2=-6_phi1=0_cx=-1.1_cy=2.3_cz=11.6.log
1.1,2.3,11.6,7.8,6,27,2,-6,0,-9.858583706,-1.79154105,-0.561847354,-0.082222635,-0.757693225,-0.048757527,-1.617639203,-0.13551706,-0.433684711,-1.728074689,-0.202164897,2,Done,BTBT_a=7.8_b=6_theta=27_A1=2_A2=-6_phi1=0_cx=1.1_cy=2.3_cz=11.6.log
0.8,2.3,11.5,7.8,6,27,2,-6,0,-9.854486067,-1.75950039,-0.263001991,-0.083107424,-0.694245689,-0.057555217,-1.781061633,-0.152139799,-0.578463819,-1.669640958,-0.207762286,2,Done,BTBT_a=7.8_b=6_theta=27_A1=2_A2=-6_phi1=0_cx=0.8_cy=2.3_cz=11.5.log
-0.8,2.3,11.5,7.8,6,27,2,-6,0,-9.854479792,-0.263001991,-1.75950039,-0.057555217,-1.781061633,-0.083107424,-0.694239414,-0.207762286,-1.669640958,-0.578463819,-0.152139799,2,Done,BTBT_a=7.8_b=6_theta=27_A1=2_A2=-6_phi1=0_cx=-0.8_cy=2.3_cz=11.5.log
0.1,2.3,11.7,7.8,6,27,2,-6,0,-9.849102031,-1.287324215,-1.146222316,-0.067727154,-1.40026974,-0.064577054,-1.496372896,-0.158358424,-0.869032324,-1.001989143,-0.163924437,2,Done,BTBT_a=7.8_b=6_theta=27_A1=2_A2=-6_phi1=0_cx=0.1_cy=2.3_cz=11.7.log
-0.1,2.3,11.7,7.8,6,27,2,-6,0,-9.849095756,-1.146222316,-1.28731794,-0.064577054,-1.496372896,-0.067727154,-1.40026974,-0.163924437,-1.001989143,-0.869032324,-0.158358424,2,Done,BTBT_a=7.8_b=6_theta=27_A1=2_A2=-6_phi1=0_cx=-0.1_cy=2.3_cz=11.7.log
0,2.3,11.7,7.8,6,27,2,-6,0,-9.847665034,-1.216308908,-1.216308908,-0.06618348,-1.451116875,-0.06618348,-1.451116875,-0.161157118,-0.933954509,-0.933954509,-0.161157118,2,Done,BTBT_a=7.8_b=6_theta=27_A1=2_A2=-6_phi1=0_cx=0.0_cy=2.3_cz=11.7.log
0.9,2.4,11.5,7.8,6,27,2,-6,0,-9.84277673,-1.843837733,-0.439382502,-0.080697786,-0.368693501,-0.053407376,-1.810209472,-0.143310734,-0.53529113,-1.745895973,-0.198776343,2,Done,BTBT_a=7.8_b=6_theta=27_A1=2_A2=-6_phi1=0_cx=0.9_cy=2.4_cz=11.5.log
-0.9,2.4,11.5,7.8,6,27,2,-6,0,-9.84277673,-0.439382502,-1.843837733,-0.053407376,-1.810209472,-0.080697786,-0.368693501,-0.198776343,-1.745895973,-0.53529113,-0.143310734,2,Done,BTBT_a=7.8_b=6_theta=27_A1=2_A2=-6_phi1=0_cx=-0.9_cy=2.4_cz=11.5.log
1,2.5,11.6,7.8,6,27,2,-6,0,-9.836005896,-1.75672052,-0.781563705,-0.0752761,-0.385855899,-0.047119726,-1.749184125,-0.129179209,-0.467250221,-1.746397981,-0.1773155,2,Done,BTBT_a=7.8_b=6_theta=27_A1=2_A2=-6_phi1=0_cx=1.0_cy=2.5_cz=11.6.log
-1,2.5,11.6,7.8,6,27,2,-6,0,-9.836005896,-0.781563705,-1.75672052,-0.047119726,-1.749184125,-0.0752761,-0.385855899,-0.1773155,-1.746397981,-0.467250221,-0.129179209,2,Done,BTBT_a=7.8_b=6_theta=27_A1=2_A2=-6_phi1=0_cx=-1.0_cy=2.5_cz=11.6.log
1.1,2.4,11.7,7.8,6,27,2,-6,0,-9.830000628,-1.682931619,-0.83110562,-0.075966361,-0.797866415,-0.044609686,-1.573989609,-0.12515687,-0.409412625,-1.699755162,-0.177441003,2,Done,BTBT_a=7.8_b=6_theta=27_A1=2_A2=-6_phi1=0_cx=1.1_cy=2.4_cz=11.7.log
-1.1,2.4,11.7,7.8,6,27,2,-6,0,-9.830000628,-0.83110562,-1.682931619,-0.044609686,-1.573989609,-0.075966361,-0.797866415,-0.177441003,-1.699755162,-0.409412625,-0.12515687,2,Done,BTBT_a=7.8_b=6_theta=27_A1=2_A2=-6_phi1=0_cx=-1.1_cy=2.4_cz=11.7.log
1.1,2.3,11.7,7.8,6,27,2,-6,0,-9.815216489,-1.707649238,-0.759625955,-0.078990959,-0.901675394,-0.046253762,-1.515524501,-0.129486688,-0.409293397,-1.675558377,-0.188409877,2,Done,BTBT_a=7.8_b=6_theta=27_A1=2_A2=-6_phi1=0_cx=1.1_cy=2.3_cz=11.7.log
-1.1,2.3,11.7,7.8,6,27,2,-6,0,-9.815216489,-0.759625955,-1.707649238,-0.046253762,-1.515524501,-0.078990959,-0.901675394,-0.188409877,-1.675558377,-0.409293397,-0.129486688,2,Done,BTBT_a=7.8_b=6_theta=27_A1=2_A2=-6_phi1=0_cx=-1.1_cy=2.3_cz=11.7.log
0.9,2.5,11.7,7.8,6,27,2,-6,0,-9.808194653,-1.667375646,-0.934500442,-0.07157379,-0.671360399,-0.046542417,-1.668122383,-0.125947532,-0.474485411,-1.609512949,-0.164413895,2,Done,BTBT_a=7.8_b=6_theta=27_A1=2_A2=-6_phi1=0_cx=0.9_cy=2.5_cz=11.7.log
-0.9,2.5,11.7,7.8,6,27,2,-6,0,-9.808194653,-0.934500442,-1.667375646,-0.046542417,-1.668122383,-0.07157379,-0.671360399,-0.164413895,-1.609512949,-0.474485411,-0.125947532,2,Done,BTBT_a=7.8_b=6_theta=27_A1=2_A2=-6_phi1=0_cx=-0.9_cy=2.5_cz=11.7.log
0.9,2.3,11.5,7.8,6,27,2,-6,0,-9.807573418,-1.808973278,-0.234004754,-0.084029864,-0.624849357,-0.055503259,-1.770130409,-0.148663394,-0.535197004,-1.720255914,-0.210924936,2,Done,BTBT_a=7.8_b=6_theta=27_A1=2_A2=-6_phi1=0_cx=0.9_cy=2.3_cz=11.5.log
-0.9,2.3,11.5,7.8,6,27,2,-6,0,-9.807573418,-0.234004754,-1.808973278,-0.055503259,-1.770130409,-0.084029864,-0.624849357,-0.210924936,-1.720255914,-0.535197004,-0.148663394,2,Done,BTBT_a=7.8_b=6_theta=27_A1=2_A2=-6_phi1=0_cx=-0.9_cy=2.3_cz=11.5.log
1,2.5,11.7,7.8,6,27,2,-6,0,-9.785817647,-1.659261942,-0.903369671,-0.072358178,-0.652102117,-0.044797939,-1.653275497,-0.123443767,-0.440417894,-1.670594772,-0.165869719,2,Done,BTBT_a=7.8_b=6_theta=27_A1=2_A2=-6_phi1=0_cx=1.0_cy=2.5_cz=11.7.log
-1,2.5,11.7,7.8,6,27,2,-6,0,-9.785817647,-0.903369671,-1.659261942,-0.044797939,-1.653275497,-0.072358178,-0.652102117,-0.165869719,-1.670594772,-0.440417894,-0.123443767,2,Done,BTBT_a=7.8_b=6_theta=27_A1=2_A2=-6_phi1=0_cx=-1.0_cy=2.5_cz=11.7.log
1.1,2.5,11.6,7.8,6,27,2,-6,0,-9.781155247,-1.743938142,-0.758396036,-0.075978911,-0.382210066,-0.045306222,-1.729141456,-0.126443265,-0.433603135,-1.784054856,-0.178990952,2,Done,BTBT_a=7.8_b=6_theta=27_A1=2_A2=-6_phi1=0_cx=1.1_cy=2.5_cz=11.6.log
-1.1,2.5,11.6,7.8,6,27,2,-6,0,-9.781155247,-0.758396036,-1.743938142,-0.045306222,-1.729141456,-0.075978911,-0.382210066,-0.178990952,-1.784054856,-0.433603135,-0.126443265,2,Done,BTBT_a=7.8_b=6_theta=27_A1=2_A2=-6_phi1=0_cx=-1.1_cy=2.5_cz=11.6.log
1.2,2.4,11.6,7.8,6,27,2,-6,0,-9.777088983,-1.764005911,-0.673544133,-0.079649844,-0.590631237,-0.045086594,-1.641026502,-0.12798694,-0.402924171,-1.768555359,-0.192105911,2,Done,BTBT_a=7.8_b=6_theta=27_A1=2_A2=-6_phi1=0_cx=1.2_cy=2.4_cz=11.6.log
-1.2,2.4,11.6,7.8,6,27,2,-6,0,-9.777088983,-0.673544133,-1.764005911,-0.045086594,-1.641026502,-0.079649844,-0.590631237,-0.192105911,-1.768555359,-0.402924171,-0.12798694,2,Done,BTBT_a=7.8_b=6_theta=27_A1=2_A2=-6_phi1=0_cx=-1.2_cy=2.4_cz=11.6.log
-1,2.4,11.5,7.8,6,27,2,-6,0,-9.771020962,-0.412073267,-1.859958465,-0.05144327,-1.798117355,-0.081488449,-0.324253242,-0.201355409,-1.784757667,-0.495632499,-0.140097883,2,Done,BTBT_a=7.8_b=6_theta=27_A1=2_A2=-6_phi1=0_cx=-1.0_cy=2.4_cz=11.5.log
1,2.4,11.5,7.8,6,27,2,-6,0,-9.771014687,-1.859958465,-0.412066992,-0.081488449,-0.324253242,-0.05144327,-1.798117355,-0.140097883,-0.495632499,-1.784757667,-0.201355409,2,Done,BTBT_a=7.8_b=6_theta=27_A1=2_A2=-6_phi1=0_cx=1.0_cy=2.4_cz=11.5.log
1.2,2.4,11.7,7.8,6,27,2,-6,0,-9.755132408,-1.666603809,-0.824617166,-0.076606421,-0.785724096,-0.042771081,-1.538918074,-0.122446026,-0.381011522,-1.727459729,-0.179028603,2,Done,BTBT_a=7.8_b=6_theta=27_A1=2_A2=-6_phi1=0_cx=1.2_cy=2.4_cz=11.7.log
-1.2,2.4,11.7,7.8,6,27,2,-6,0,-9.755113583,-0.824617166,-1.666597534,-0.042771081,-1.538918074,-0.076606421,-0.785724096,-0.179028603,-1.727453454,-0.381011522,-0.122446026,2,Done,BTBT_a=7.8_b=6_theta=27_A1=2_A2=-6_phi1=0_cx=-1.2_cy=2.4_cz=11.7.log
1.2,2.3,11.6,7.8,6,27,2,-6,0,-9.748976535,-1.790210729,-0.578620696,-0.082862695,-0.728099853,-0.046762045,-1.579549347,-0.132373235,-0.402767293,-1.731751897,-0.20454316,2,Done,BTBT_a=7.8_b=6_theta=27_A1=2_A2=-6_phi1=0_cx=1.2_cy=2.3_cz=11.6.log
-1.2,2.3,11.6,7.8,6,27,2,-6,0,-9.74897026,-0.578614421,-1.790210729,-0.046762045,-1.579549347,-0.082862695,-0.728099853,-0.20454316,-1.731751897,-0.402767293,-0.132373235,2,Done,BTBT_a=7.8_b=6_theta=27_A1=2_A2=-6_phi1=0_cx=-1.2_cy=2.3_cz=11.6.log
1.1,2.5,11.7,7.8,6,27,2,-6,0,-9.747765438,-1.643712244,-0.879743919,-0.073067264,-0.645588563,-0.043040911,-1.629379916,-0.120927452,-0.409324773,-1.719132671,-0.167231415,2,Done,BTBT_a=7.8_b=6_theta=27_A1=2_A2=-6_phi1=0_cx=1.1_cy=2.5_cz=11.7.log
-1.1,2.5,11.7,7.8,6,27,2,-6,0,-9.747765438,-0.879743919,-1.643712244,-0.043040911,-1.629379916,-0.073067264,-0.645588563,-0.167231415,-1.719132671,-0.409324773,-0.120927452,2,Done,BTBT_a=7.8_b=6_theta=27_A1=2_A2=-6_phi1=0_cx=-1.1_cy=2.5_cz=11.7.log
-1.2,2.3,11.7,7.8,6,27,2,-6,0,-9.739388182,-0.766798395,-1.700275996,-0.044321032,-1.478262957,-0.079649844,-0.876769522,-0.190380259,-1.698920574,-0.380754243,-0.126600142,2,Done,BTBT_a=7.8_b=6_theta=27_A1=2_A2=-6_phi1=0_cx=-1.2_cy=2.3_cz=11.7.log
1.2,2.3,11.7,7.8,6,27,2,-6,0,-9.739375632,-1.700275996,-0.766798395,-0.079649844,-0.876769522,-0.044321032,-1.478262957,-0.126600142,-0.380754243,-1.698920574,-0.190373984,2,Done,BTBT_a=7.8_b=6_theta=27_A1=2_A2=-6_phi1=0_cx=1.2_cy=2.3_cz=11.7.log
1,2.3,11.5,7.8,6,27,2,-6,0,-9.736520462,-1.844176589,-0.224416401,-0.084845627,-0.565449261,-0.053451302,-1.749083723,-0.145205814,-0.495469346,-1.752892709,-0.21398091,2,Done,BTBT_a=7.8_b=6_theta=27_A1=2_A2=-6_phi1=0_cx=1.0_cy=2.3_cz=11.5.log
-1,2.3,11.5,7.8,6,27,2,-6,0,-9.736507912,-0.224416401,-1.844176589,-0.053451302,-1.749077448,-0.084845627,-0.565442986,-0.21398091,-1.752892709,-0.495469346,-0.145205814,2,Done,BTBT_a=7.8_b=6_theta=27_A1=2_A2=-6_phi1=0_cx=-1.0_cy=2.3_cz=11.5.log
-1.2,2.5,11.6,7.8,6,27,2,-6,0,-9.694872623,-0.74645452,-1.722985583,-0.043486443,-1.699309631,-0.076587595,-0.39406373,-0.180559727,-1.798820166,-0.402899071,-0.123713597,2,Done,BTBT_a=7.8_b=6_theta=27_A1=2_A2=-6_phi1=0_cx=-1.2_cy=2.5_cz=11.6.log
1.2,2.5,11.6,7.8,6,27,2,-6,0,-9.694866348,-1.722985583,-0.746448245,-0.076587595,-0.39406373,-0.043486443,-1.699309631,-0.123713597,-0.402899071,-1.798820166,-0.180559727,2,Done,BTBT_a=7.8_b=6_theta=27_A1=2_A2=-6_phi1=0_cx=1.2_cy=2.5_cz=11.6.log
1.2,2.5,11.7,7.8,6,27,2,-6,0,-9.684876388,-1.621209736,-0.863780065,-0.073694774,-0.650759246,-0.041290158,-1.597533783,-0.118417412,-0.380986421,-1.75043287,-0.16846761,2,Done,BTBT_a=7.8_b=6_theta=27_A1=2_A2=-6_phi1=0_cx=1.2_cy=2.5_cz=11.7.log
-1.2,2.5,11.7,7.8,6,27,2,-6,0,-9.684876388,-0.863780065,-1.621209736,-0.041290158,-1.597533783,-0.073694774,-0.650759246,-0.16846761,-1.75043287,-0.380986421,-0.118417412,2,Done,BTBT_a=7.8_b=6_theta=27_A1=2_A2=-6_phi1=0_cx=-1.2_cy=2.5_cz=11.7.log
-0.9,2.5,11.5,7.8,6,27,2,-6,0,-9.681795313,-0.60020704,-1.846115595,-0.051411894,-1.83861685,-0.07751631,-0.013133785,-0.187437237,-1.766898732,-0.53493345,-0.138127501,2,Done,BTBT_a=7.8_b=6_theta=27_A1=2_A2=-6_phi1=0_cx=-0.9_cy=2.5_cz=11.5.log
0.9,2.5,11.5,7.8,6,27,2,-6,0,-9.681789038,-1.846115595,-0.600200765,-0.07751631,-0.013133785,-0.051411894,-1.83861685,-0.138127501,-0.53493345,-1.766898732,-0.187437237,2,Done,BTBT_a=7.8_b=6_theta=27_A1=2_A2=-6_phi1=0_cx=0.9_cy=2.5_cz=11.5.log
1.1,2.4,11.5,7.8,6,27,2,-6,0,-9.669759672,-1.864005905,-0.402955547,-0.082184985,-0.295406608,-0.049466613,-1.774962236,-0.136916407,-0.459268294,-1.800395216,-0.203808973,2,Done,BTBT_a=7.8_b=6_theta=27_A1=2_A2=-6_phi1=0_cx=1.1_cy=2.4_cz=11.5.log
-1.1,2.4,11.5,7.8,6,27,2,-6,0,-9.669747122,-0.402955547,-1.864005905,-0.049466613,-1.774962236,-0.082184985,-0.295406608,-0.203808973,-1.800395216,-0.459268294,-0.136910132,2,Done,BTBT_a=7.8_b=6_theta=27_A1=2_A2=-6_phi1=0_cx=-1.1_cy=2.4_cz=11.5.log
0,2.4,11.8,7.8,6,27,2,-6,0,-9.645732316,-1.335052625,-1.335052625,-0.060793169,-1.386621397,-0.060793169,-1.386621397,-0.145745473,-0.874454011,-0.874454011,-0.145745473,2,Done,BTBT_a=7.8_b=6_theta=27_A1=2_A2=-6_phi1=0_cx=0.0_cy=2.4_cz=11.8.log
-0.1,2.4,11.8,7.8,6,27,2,-6,0,-9.645412283,-1.284902026,-1.383709751,-0.05929342,-1.431607589,-0.062236442,-1.336841029,-0.147904107,-0.938723584,-0.813246685,-0.143536637,2,Done,BTBT_a=7.8_b=6_theta=27_A1=2_A2=-6_phi1=0_cx=-0.1_cy=2.4_cz=11.8.log
0.1,2.4,11.8,7.8,6,27,2,-6,0,-9.645412283,-1.383709751,-1.284902026,-0.062236442,-1.336841029,-0.05929342,-1.431607589,-0.143536637,-0.813246685,-0.938723584,-0.147904107,2,Done,BTBT_a=7.8_b=6_theta=27_A1=2_A2=-6_phi1=0_cx=0.1_cy=2.4_cz=11.8.log
1.3,2.4,11.7,7.8,6,27,2,-6,0,-9.641841752,-1.642783529,-0.825853361,-0.077164904,-0.781595081,-0.040945028,-1.498362103,-0.119760283,-0.355176935,-1.732128403,-0.180503251,2,Done,BTBT_a=7.8_b=6_theta=27_A1=2_A2=-6_phi1=0_cx=1.3_cy=2.4_cz=11.7.log
-1.3,2.4,11.7,7.8,6,27,2,-6,0,-9.641841752,-0.825853361,-1.642783529,-0.040945028,-1.498362103,-0.077164904,-0.781595081,-0.180503251,-1.732128403,-0.355176935,-0.119760283,2,Done,BTBT_a=7.8_b=6_theta=27_A1=2_A2=-6_phi1=0_cx=-1.3_cy=2.4_cz=11.7.log
-1.1,2.3,11.5,7.8,6,27,2,-6,0,-9.6307913,-0.234745216,-1.865185624,-0.051386794,-1.718950693,-0.085573539,-0.516704284,-0.216942757,-1.761263692,-0.459142792,-0.141773334,2,Done,BTBT_a=7.8_b=6_theta=27_A1=2_A2=-6_phi1=0_cx=-1.1_cy=2.3_cz=11.5.log
1.1,2.3,11.5,7.8,6,27,2,-6,0,-9.63077875,-1.865185624,-0.234738941,-0.085573539,-0.516704284,-0.051380519,-1.718950693,-0.141773334,-0.459142792,-1.761263692,-0.216942757,2,Done,BTBT_a=7.8_b=6_theta=27_A1=2_A2=-6_phi1=0_cx=1.1_cy=2.3_cz=11.5.log
-1,2.5,11.5,7.8,6,27,2,-6,0,-9.627816903,-0.561809703,-1.848293054,-0.049529364,-1.838246619,-0.078288147,0.010749246,-0.189577046,-1.811194663,-0.495281093,-0.135146829,2,Done,BTBT_a=7.8_b=6_theta=27_A1=2_A2=-6_phi1=0_cx=-1.0_cy=2.5_cz=11.5.log
1,2.5,11.5,7.8,6,27,2,-6,0,-9.627810628,-1.848293054,-0.561803428,-0.078288147,0.010749246,-0.049529364,-1.838246619,-0.135146829,-0.495281093,-1.811194663,-0.189577046,2,Done,BTBT_a=7.8_b=6_theta=27_A1=2_A2=-6_phi1=0_cx=1.0_cy=2.5_cz=11.5.log
-1.3,2.4,11.6,7.8,6,27,2,-6,0,-9.623192155,-0.684971091,-1.742212489,-0.043191513,-1.599654767,-0.080195778,-0.589395043,-0.193925691,-1.747803603,-0.374987426,-0.125069018,2,Done,BTBT_a=7.8_b=6_theta=27_A1=2_A2=-6_phi1=0_cx=-1.3_cy=2.4_cz=11.6.log
1.3,2.4,11.6,7.8,6,27,2,-6,0,-9.623192155,-1.742212489,-0.684971091,-0.080195778,-0.589395043,-0.043191513,-1.599654767,-0.125069018,-0.374987426,-1.747803603,-0.193925691,2,Done,BTBT_a=7.8_b=6_theta=27_A1=2_A2=-6_phi1=0_cx=1.3_cy=2.4_cz=11.6.log
-1.3,2.3,11.7,7.8,6,27,2,-6,0,-9.622050087,-0.781689207,-1.683854059,-0.042400851,-1.436188412,-0.080227154,-0.858132475,-0.192231414,-1.699046076,-0.354781604,-0.123719872,2,Done,BTBT_a=7.8_b=6_theta=27_A1=2_A2=-6_phi1=0_cx=-1.3_cy=2.3_cz=11.7.log
1.3,2.3,11.7,7.8,6,27,2,-6,0,-9.622037536,-1.683854059,-0.781689207,-0.080227154,-0.858119925,-0.042400851,-1.436188412,-0.123719872,-0.354781604,-1.699046076,-0.192231414,2,Done,BTBT_a=7.8_b=6_theta=27_A1=2_A2=-6_phi1=0_cx=1.3_cy=2.3_cz=11.7.log
0,2.5,11.8,7.8,6,27,2,-6,0,-9.599014194,-1.378124912,-1.378118637,-0.058515307,-1.335002424,-0.058515307,-1.335002424,-0.139489198,-0.874447735,-0.87444146,-0.139489198,2,Done,BTBT_a=7.8_b=6_theta=27_A1=2_A2=-6_phi1=0_cx=0.0_cy=2.5_cz=11.8.log
-0.1,2.5,11.8,7.8,6,27,2,-6,0,-9.597520721,-1.333182645,-1.420243383,-0.057084584,-1.395099057,-0.059902105,-1.270224567,-0.141396828,-0.93904989,-0.812926655,-0.137518817,2,Done,BTBT_a=7.8_b=6_theta=27_A1=2_A2=-6_phi1=0_cx=-0.1_cy=2.5_cz=11.8.log
0.1,2.5,11.8,7.8,6,27,2,-6,0,-9.597520721,-1.420243383,-1.333182645,-0.059902105,-1.270224567,-0.057084584,-1.395099057,-0.137518817,-0.812926655,-0.93904989,-0.141396828,2,Done,BTBT_a=7.8_b=6_theta=27_A1=2_A2=-6_phi1=0_cx=0.1_cy=2.5_cz=11.8.log
-1.3,2.3,11.6,7.8,6,27,2,-6,0,-9.58680285,-0.607178676,-1.778037035,-0.044772838,-1.536037803,-0.08342118,-0.707034342,-0.206789645,-1.704461487,-0.37464857,-0.129260785,2,Done,BTBT_a=7.8_b=6_theta=27_A1=2_A2=-6_phi1=0_cx=-1.3_cy=2.3_cz=11.6.log
1.3,2.3,11.6,7.8,6,27,2,-6,0,-9.58680285,-1.778037035,-0.607178676,-0.08342118,-0.707034342,-0.044772838,-1.536037803,-0.129260785,-0.37464857,-1.704461487,-0.206789645,2,Done,BTBT_a=7.8_b=6_theta=27_A1=2_A2=-6_phi1=0_cx=1.3_cy=2.3_cz=11.6.log
-1.3,2.5,11.7,7.8,6,27,2,-6,0,-9.585321927,-0.855170628,-1.592381926,-0.039551955,-1.55902977,-0.074246984,-0.666145791,-0.169609678,-1.758722277,-0.355176935,-0.115888547,2,Done,BTBT_a=7.8_b=6_theta=27_A1=2_A2=-6_phi1=0_cx=-1.3_cy=2.5_cz=11.7.log
1.3,2.5,11.7,7.8,6,27,2,-6,0,-9.585321927,-1.592381926,-0.855170628,-0.074246984,-0.666145791,-0.039551955,-1.55902977,-0.115888547,-0.355176935,-1.758722277,-0.169609678,2,Done,BTBT_a=7.8_b=6_theta=27_A1=2_A2=-6_phi1=0_cx=1.3_cy=2.5_cz=11.7.log
-1.3,2.5,11.6,7.8,6,27,2,-6,0,-9.562273484,-0.745325003,-1.69455938,-0.041679214,-1.661175848,-0.077114704,-0.419565736,-0.18199045,-1.783414795,-0.375031352,-0.120990203,2,Done,BTBT_a=7.8_b=6_theta=27_A1=2_A2=-6_phi1=0_cx=-1.3_cy=2.5_cz=11.6.log
1.3,2.5,11.6,7.8,6,27,2,-6,0,-9.562273484,-1.69455938,-0.745325003,-0.077114704,-0.419565736,-0.041679214,-1.661175848,-0.120990203,-0.375031352,-1.783414795,-0.18199045,2,Done,BTBT_a=7.8_b=6_theta=27_A1=2_A2=-6_phi1=0_cx=1.3_cy=2.5_cz=11.6.log
0.1,2.3,11.8,7.8,6,27,2,-6,0,-9.553676598,-1.306601322,-1.193586771,-0.064690006,-1.37360684,-0.061615207,-1.444954727,-0.149818012,-0.812531324,-0.937230111,-0.154731416,2,Done,BTBT_a=7.8_b=6_theta=27_A1=2_A2=-6_phi1=0_cx=0.1_cy=2.3_cz=11.8.log
-0.1,2.3,11.8,7.8,6,27,2,-6,0,-9.553670323,-1.193586771,-1.306595047,-0.061615207,-1.444954727,-0.064690006,-1.37360684,-0.154731416,-0.937230111,-0.812531324,-0.149818012,2,Done,BTBT_a=7.8_b=6_theta=27_A1=2_A2=-6_phi1=0_cx=-0.1_cy=2.3_cz=11.8.log
0,2.3,11.8,7.8,6,27,2,-6,0,-9.552158024,-1.249836768,-1.249836768,-0.063183982,-1.411702972,-0.063183982,-1.411702972,-0.152296677,-0.873380968,-0.873380968,-0.152296677,2,Done,BTBT_a=7.8_b=6_theta=27_A1=2_A2=-6_phi1=0_cx=0.0_cy=2.3_cz=11.8.log
1.1,2.5,11.5,7.8,6,27,2,-6,0,-9.549999389,-1.840097774,-0.53964605,-0.078972133,0.012474899,-0.04765311,-1.824253146,-0.132178706,-0.459061216,-1.833082212,-0.191603903,2,Done,BTBT_a=7.8_b=6_theta=27_A1=2_A2=-6_phi1=0_cx=1.1_cy=2.5_cz=11.5.log
-1.1,2.5,11.5,7.8,6,27,2,-6,0,-9.549999389,-0.53964605,-1.840097774,-0.04765311,-1.824253146,-0.078972133,0.012474899,-0.191603903,-1.833082212,-0.459061216,-0.132178706,2,Done,BTBT_a=7.8_b=6_theta=27_A1=2_A2=-6_phi1=0_cx=-1.1_cy=2.5_cz=11.5.log
1.2,2.4,11.8,7.8,6,27,2,-6,0,-9.539821176,-1.566848544,-0.899805414,-0.073650849,-0.897766007,-0.040562246,-1.437179878,-0.117118466,-0.360127989,-1.667890204,-0.166867459,2,Done,BTBT_a=7.8_b=6_theta=27_A1=2_A2=-6_phi1=0_cx=1.2_cy=2.4_cz=11.8.log
-1.2,2.4,11.8,7.8,6,27,2,-6,0,-9.539821176,-0.899805414,-1.566848544,-0.040562246,-1.437179878,-0.073650849,-0.897766007,-0.166867459,-1.667890204,-0.360127989,-0.117118466,2,Done,BTBT_a=7.8_b=6_theta=27_A1=2_A2=-6_phi1=0_cx=-1.2_cy=2.4_cz=11.8.log
1.2,2.3,11.8,7.8,6,27,2,-6,0,-9.531192914,-1.605660038,-0.868116159,-0.07653112,-0.953601847,-0.041986694,-1.377880183,-0.121040404,-0.359782858,-1.6456638,-0.177221374,2,Done,BTBT_a=7.8_b=6_theta=27_A1=2_A2=-6_phi1=0_cx=1.2_cy=2.3_cz=11.8.log
-1.2,2.3,11.8,7.8,6,27,2,-6,0,-9.531192914,-0.868116159,-1.605660038,-0.041986694,-1.377880183,-0.07653112,-0.953601847,-0.177221374,-1.6456638,-0.359782858,-0.121040404,2,Done,BTBT_a=7.8_b=6_theta=27_A1=2_A2=-6_phi1=0_cx=-1.2_cy=2.3_cz=11.8.log
1.3,2.2,11.7,7.8,6,27,2,-6,0,-9.528168315,-1.712688143,-0.717902815,-0.083427454,-0.904637241,-0.0439508,-1.372916579,-0.127786136,-0.354279596,-1.659399994,-0.204856914,2,Done,BTBT_a=7.8_b=6_theta=27_A1=2_A2=-6_phi1=0_cx=1.3_cy=2.2_cz=11.7.log
-1.3,2.2,11.7,7.8,6,27,2,-6,0,-9.528168315,-0.717902815,-1.712688143,-0.0439508,-1.372916579,-0.083427454,-0.904637241,-0.204856914,-1.659399994,-0.354279596,-0.127786136,2,Done,BTBT_a=7.8_b=6_theta=27_A1=2_A2=-6_phi1=0_cx=-1.3_cy=2.2_cz=11.7.log
-1.2,2.4,11.5,7.8,6,27,2,-6,0,-9.524779764,-0.412073267,-1.856664038,-0.047496232,-1.742036786,-0.08280622,-0.281682964,-0.206162136,-1.785165548,-0.425941238,-0.133741206,2,Done,BTBT_a=7.8_b=6_theta=27_A1=2_A2=-6_phi1=0_cx=-1.2_cy=2.4_cz=11.5.log
1.2,2.4,11.5,7.8,6,27,2,-6,0,-9.524779763,-1.856664038,-0.412073267,-0.08280622,-0.281682964,-0.047496232,-1.742036786,-0.133741206,-0.425941238,-1.785171823,-0.20615586,2,Done,BTBT_a=7.8_b=6_theta=27_A1=2_A2=-6_phi1=0_cx=1.2_cy=2.4_cz=11.5.log
-1.2,2.5,11.8,7.8,6,27,2,-6,0,-9.481563148,-0.915976347,-1.518850304,-0.039187999,-1.494904523,-0.070889805,-0.809826755,-0.157228905,-1.685322432,-0.360109164,-0.113303206,2,Done,BTBT_a=7.8_b=6_theta=27_A1=2_A2=-6_phi1=0_cx=-1.2_cy=2.5_cz=11.8.log
1.2,2.5,11.8,7.8,6,27,2,-6,0,-9.481550598,-1.518850304,-0.915976347,-0.070889805,-0.809826755,-0.039187999,-1.494904523,-0.113303206,-0.360109164,-1.685322432,-0.15722263,2,Done,BTBT_a=7.8_b=6_theta=27_A1=2_A2=-6_phi1=0_cx=1.2_cy=2.5_cz=11.8.log
1.2,2.3,11.5,7.8,6,27,2,-6,0,-9.476179112,-1.87251494,-0.26453939,-0.086194773,-0.479141536,-0.049303461,-1.680973788,-0.138378505,-0.425859662,-1.737744618,-0.219772827,2,Done,BTBT_a=7.8_b=6_theta=27_A1=2_A2=-6_phi1=0_cx=1.2_cy=2.3_cz=11.5.log
-1.2,2.3,11.5,7.8,6,27,2,-6,0,-9.476160287,-0.26453939,-1.87251494,-0.049303461,-1.680973788,-0.086188498,-0.479141536,-0.219772827,-1.737738343,-0.425859662,-0.138378505,2,Done,BTBT_a=7.8_b=6_theta=27_A1=2_A2=-6_phi1=0_cx=-1.2_cy=2.3_cz=11.5.log
-1.4,2.4,11.7,7.8,6,27,2,-6,0,-9.475645729,-0.833791362,-1.612135941,-0.039131524,-1.452942929,-0.077635537,-0.78466988,-0.181852398,-1.707197431,-0.331544908,-0.117074541,2,Done,BTBT_a=7.8_b=6_theta=27_A1=2_A2=-6_phi1=0_cx=-1.4_cy=2.4_cz=11.7.log
1.4,2.4,11.7,7.8,6,27,2,-6,0,-9.475633179,-1.612135941,-0.833791362,-0.077635537,-0.78466988,-0.039131524,-1.452942929,-0.117074541,-0.331544908,-1.707197431,-0.181846123,2,Done,BTBT_a=7.8_b=6_theta=27_A1=2_A2=-6_phi1=0_cx=1.4_cy=2.4_cz=11.7.log
1.3,2.4,11.8,7.8,6,27,2,-6,0,-9.457297336,-1.542262702,-0.894182925,-0.074221883,-0.890681419,-0.038798943,-1.397847551,-0.114633527,-0.336213583,-1.690775494,-0.168028353,2,Done,BTBT_a=7.8_b=6_theta=27_A1=2_A2=-6_phi1=0_cx=1.3_cy=2.4_cz=11.8.log
-1.3,2.4,11.8,7.8,6,27,2,-6,0,-9.457297336,-0.894182925,-1.542262702,-0.038798943,-1.397847551,-0.074221883,-0.890681419,-0.168028353,-1.690775494,-0.336213583,-0.114633527,2,Done,BTBT_a=7.8_b=6_theta=27_A1=2_A2=-6_phi1=0_cx=-1.3_cy=2.4_cz=11.8.log
1.4,2.3,11.7,7.8,6,27,2,-6,0,-9.450375903,-1.659117615,-0.802961796,-0.080704061,-0.845651301,-0.040505771,-1.390097803,-0.120864701,-0.331218604,-1.669628407,-0.193957066,2,Done,BTBT_a=7.8_b=6_theta=27_A1=2_A2=-6_phi1=0_cx=1.4_cy=2.3_cz=11.7.log
-1.4,2.3,11.7,7.8,6,27,2,-6,0,-9.450375903,-0.802961796,-1.659117615,-0.040505771,-1.390097803,-0.080704061,-0.845651301,-0.193957066,-1.669628407,-0.331218604,-0.120864701,2,Done,BTBT_a=7.8_b=6_theta=27_A1=2_A2=-6_phi1=0_cx=-1.4_cy=2.3_cz=11.7.log
-1.3,2.3,11.8,7.8,6,27,2,-6,0,-9.447752909,-0.873330767,-1.586690411,-0.040141815,-1.337656792,-0.077120979,-0.936088042,-0.178721123,-1.66543664,-0.335818251,-0.118386037,2,Done,BTBT_a=7.8_b=6_theta=27_A1=2_A2=-6_phi1=0_cx=-1.3_cy=2.3_cz=11.8.log
1.3,2.3,11.8,7.8,6,27,2,-6,0,-9.447740359,-1.586690411,-0.873330767,-0.077120979,-0.936088042,-0.040141815,-1.337656792,-0.118386037,-0.335818251,-1.66543664,-0.178714848,2,Done,BTBT_a=7.8_b=6_theta=27_A1=2_A2=-6_phi1=0_cx=1.3_cy=2.3_cz=11.8.log
-1.4,2.5,11.7,7.8,6,27,2,-6,0,-9.434161043,-0.853206522,-1.557919077,-0.037820027,-1.514922092,-0.074711341,-0.690047647,-0.170626244,-1.737217509,-0.331551184,-0.113372232,2,Done,BTBT_a=7.8_b=6_theta=27_A1=2_A2=-6_phi1=0_cx=-1.4_cy=2.5_cz=11.7.log
1.4,2.5,11.7,7.8,6,27,2,-6,0,-9.434161043,-1.557919077,-0.853206522,-0.074711341,-0.690047647,-0.037820027,-1.514922092,-0.113372232,-0.331551184,-1.737217509,-0.170626244,2,Done,BTBT_a=7.8_b=6_theta=27_A1=2_A2=-6_phi1=0_cx=1.4_cy=2.5_cz=11.7.log
1.2,2.5,11.5,7.8,6,27,2,-6,0,-9.433232327,-1.82227649,-0.534061211,-0.079561993,-0.006180973,-0.045776855,-1.798286783,-0.129216859,-0.425934963,-1.824880657,-0.193511534,2,Done,BTBT_a=7.8_b=6_theta=27_A1=2_A2=-6_phi1=0_cx=1.2_cy=2.5_cz=11.5.log
-1.2,2.5,11.5,7.8,6,27,2,-6,0,-9.433213502,-0.534061211,-1.82227649,-0.045776855,-1.798280508,-0.079561993,-0.006180973,-0.193511534,-1.824880657,-0.425928688,-0.129216859,2,Done,BTBT_a=7.8_b=6_theta=27_A1=2_A2=-6_phi1=0_cx=-1.2_cy=2.5_cz=11.5.log
0,2.6,11.8,7.8,6,27,2,-6,0,-9.423581224,-1.390248405,-1.390248405,-0.056350398,-1.251581245,-0.056350398,-1.251581245,-0.133527853,-0.873280567,-0.873280567,-0.133521578,2,Done,BTBT_a=7.8_b=6_theta=27_A1=2_A2=-6_phi1=0_cx=0.0_cy=2.6_cz=11.8.log
-0.1,2.6,11.8,7.8,6,27,2,-6,0,-9.421529267,-1.349949713,-1.426926364,-0.054976151,-1.330885959,-0.057674444,-1.167683159,-0.135197029,-0.938158826,-0.811583783,-0.1317771,2,Done,BTBT_a=7.8_b=6_theta=27_A1=2_A2=-6_phi1=0_cx=-0.1_cy=2.6_cz=11.8.log
0.1,2.6,11.8,7.8,6,27,2,-6,0,-9.421522991,-1.426926364,-1.349943438,-0.057674444,-1.167683159,-0.054976151,-1.330885959,-0.1317771,-0.811583783,-0.938158826,-0.135197029,2,Done,BTBT_a=7.8_b=6_theta=27_A1=2_A2=-6_phi1=0_cx=0.1_cy=2.6_cz=11.8.log
-1.3,2.5,11.8,7.8,6,27,2,-6,0,-9.407931124,-0.90269196,-1.490574704,-0.037506273,-1.45705312,-0.071448288,-0.816779566,-0.158088594,-1.710642461,-0.336232408,-0.110975143,2,Done,BTBT_a=7.8_b=6_theta=27_A1=2_A2=-6_phi1=0_cx=-1.3_cy=2.5_cz=11.8.log
1.3,2.5,11.8,7.8,6,27,2,-6,0,-9.407931124,-1.490574704,-0.90269196,-0.071448288,-0.816779566,-0.037506273,-1.45705312,-0.110975143,-0.336232408,-1.710642461,-0.158088594,2,Done,BTBT_a=7.8_b=6_theta=27_A1=2_A2=-6_phi1=0_cx=1.3_cy=2.5_cz=11.8.log
1.4,2.4,11.6,7.8,6,27,2,-6,0,-9.402948694,-1.712343013,-0.706557435,-0.080647585,-0.598023305,-0.041296433,-1.552710744,-0.122176197,-0.349566996,-1.68832193,-0.195619967,2,Done,BTBT_a=7.8_b=6_theta=27_A1=2_A2=-6_phi1=0_cx=1.4_cy=2.4_cz=11.6.log
-1.4,2.4,11.6,7.8,6,27,2,-6,0,-9.402942419,-0.706557435,-1.712343013,-0.041296433,-1.552710744,-0.080647585,-0.59801703,-0.195619967,-1.68832193,-0.349566996,-0.122176197,2,Done,BTBT_a=7.8_b=6_theta=27_A1=2_A2=-6_phi1=0_cx=-1.4_cy=2.4_cz=11.6.log
1.3,2.2,11.8,7.8,6,27,2,-6,0,-9.380214008,-1.621504666,-0.835837045,-0.080158127,-0.959274537,-0.041559987,-1.277271505,-0.122220122,-0.335322519,-1.634550598,-0.190210831,2,Done,BTBT_a=7.8_b=6_theta=27_A1=2_A2=-6_phi1=0_cx=1.3_cy=2.2_cz=11.8.log
-1.3,2.2,11.8,7.8,6,27,2,-6,0,-9.380214008,-0.835837045,-1.621504666,-0.041559987,-1.277271505,-0.080158127,-0.959274537,-0.190210831,-1.634550598,-0.335322519,-0.122220122,2,Done,BTBT_a=7.8_b=6_theta=27_A1=2_A2=-6_phi1=0_cx=-1.3_cy=2.2_cz=11.8.log
-1.4,2.5,11.6,7.8,6,27,2,-6,0,-9.364614109,-0.753984641,-1.659475295,-0.039884536,-1.616227306,-0.077572786,-0.456601376,-0.183301946,-1.729273233,-0.349592096,-0.11826681,2,Done,BTBT_a=7.8_b=6_theta=27_A1=2_A2=-6_phi1=0_cx=-1.4_cy=2.5_cz=11.6.log
1.4,2.5,11.6,7.8,6,27,2,-6,0,-9.364614109,-1.659475295,-0.753984641,-0.077572786,-0.456601376,-0.039884536,-1.616227306,-0.11826681,-0.349592096,-1.729273233,-0.183301946,2,Done,BTBT_a=7.8_b=6_theta=27_A1=2_A2=-6_phi1=0_cx=1.4_cy=2.5_cz=11.6.log
1.4,2.2,11.7,7.8,6,27,2,-6,0,-9.360710997,-1.696510936,-0.757040614,-0.083904362,-0.880936189,-0.041955319,-1.327120899,-0.124736438,-0.330647569,-1.624209233,-0.207028099,2,Done,BTBT_a=7.8_b=6_theta=27_A1=2_A2=-6_phi1=0_cx=1.4_cy=2.2_cz=11.7.log
-1.4,2.2,11.7,7.8,6,27,2,-6,0,-9.360710997,-0.757040614,-1.696510936,-0.041955319,-1.327120899,-0.083904362,-0.880936189,-0.207028099,-1.624209233,-0.330647569,-0.124736438,2,Done,BTBT_a=7.8_b=6_theta=27_A1=2_A2=-6_phi1=0_cx=-1.4_cy=2.2_cz=11.7.log
1.4,2.3,11.6,7.8,6,27,2,-6,0,-9.355678367,-1.755973783,-0.645732891,-0.083872986,-0.694515518,-0.042789906,-1.48780111,-0.12617971,-0.34922814,-1.638177606,-0.208910629,2,Done,BTBT_a=7.8_b=6_theta=27_A1=2_A2=-6_phi1=0_cx=1.4_cy=2.3_cz=11.6.log
-1.4,2.3,11.6,7.8,6,27,2,-6,0,-9.355665817,-0.645732891,-1.755961233,-0.042789906,-1.48780111,-0.083872986,-0.694515518,-0.208910629,-1.638177606,-0.34922814,-0.12617971,2,Done,BTBT_a=7.8_b=6_theta=27_A1=2_A2=-6_phi1=0_cx=-1.4_cy=2.3_cz=11.6.log
-1.4,2.4,11.8,7.8,6,27,2,-6,0,-9.333502164,-0.893040857,-1.511834743,-0.037054466,-1.354436409,-0.074717616,-0.88888674,-0.16908257,-1.691258677,-0.314275833,-0.112148587,2,Done,BTBT_a=7.8_b=6_theta=27_A1=2_A2=-6_phi1=0_cx=-1.4_cy=2.4_cz=11.8.log
1.4,2.4,11.8,7.8,6,27,2,-6,0,-9.333495888,-1.511828467,-0.893040857,-0.074717616,-0.88888674,-0.037054466,-1.354436409,-0.112148587,-0.314275833,-1.691258677,-0.16908257,2,Done,BTBT_a=7.8_b=6_theta=27_A1=2_A2=-6_phi1=0_cx=1.4_cy=2.4_cz=11.8.log
1.4,2.3,11.8,7.8,6,27,2,-6,0,-9.322338762,-1.560661296,-0.882624191,-0.077616712,-0.923017009,-0.038315761,-1.294421353,-0.115731669,-0.313974629,-1.663033277,-0.180101645,2,Done,BTBT_a=7.8_b=6_theta=27_A1=2_A2=-6_phi1=0_cx=1.4_cy=2.3_cz=11.8.log
-1.4,2.3,11.8,7.8,6,27,2,-6,0,-9.322338762,-0.882624191,-1.560661296,-0.038315761,-1.294421353,-0.077616712,-0.923017009,-0.180101645,-1.663033277,-0.313974629,-0.115731669,2,Done,BTBT_a=7.8_b=6_theta=27_A1=2_A2=-6_phi1=0_cx=-1.4_cy=2.3_cz=11.8.log
-1.3,2.4,11.5,7.8,6,27,2,-6,0,-9.318692928,-0.438466338,-1.838673326,-0.045532126,-1.700853305,-0.083320778,-0.28236695,-0.208364696,-1.73007017,-0.395720356,-0.130584831,2,Done,BTBT_a=7.8_b=6_theta=27_A1=2_A2=-6_phi1=0_cx=-1.3_cy=2.4_cz=11.5.log
1.3,2.4,11.5,7.8,6,27,2,-6,0,-9.318692928,-1.838673326,-0.438466338,-0.083320778,-0.28236695,-0.045532126,-1.700853305,-0.130584831,-0.395720356,-1.73007017,-0.208364696,2,Done,BTBT_a=7.8_b=6_theta=27_A1=2_A2=-6_phi1=0_cx=1.3_cy=2.4_cz=11.5.log
-1.4,2.5,11.8,7.8,6,27,2,-6,0,-9.293598804,-0.893950746,-1.457442176,-0.035837096,-1.414307138,-0.071937746,-0.830026302,-0.158847881,-1.713196427,-0.314357409,-0.108647082,2,Done,BTBT_a=7.8_b=6_theta=27_A1=2_A2=-6_phi1=0_cx=-1.4_cy=2.5_cz=11.8.log
1.4,2.5,11.8,7.8,6,27,2,-6,0,-9.293598804,-1.457442176,-0.893950746,-0.071937746,-0.830026302,-0.035837096,-1.414307138,-0.108647082,-0.314357409,-1.713196427,-0.158847881,2,Done,BTBT_a=7.8_b=6_theta=27_A1=2_A2=-6_phi1=0_cx=1.4_cy=2.5_cz=11.8.log
1.4,2.2,11.8,7.8,6,27,2,-6,0,-9.260842781,-1.601995379,-0.859331019,-0.080660135,-0.938045874,-0.039646082,-1.234902029,-0.119408878,-0.31344752,-1.628306874,-0.191967859,2,Done,BTBT_a=7.8_b=6_theta=27_A1=2_A2=-6_phi1=0_cx=1.4_cy=2.2_cz=11.8.log
-1.4,2.2,11.8,7.8,6,27,2,-6,0,-9.260842781,-0.859331019,-1.601995379,-0.039646082,-1.234902029,-0.080660135,-0.938045874,-0.191967859,-1.628306874,-0.31344752,-0.119408878,2,Done,BTBT_a=7.8_b=6_theta=27_A1=2_A2=-6_phi1=0_cx=-1.4_cy=2.2_cz=11.8.log
-1.3,2.5,11.5,7.8,6,27,2,-6,0,-9.258652771,-0.544421401,-1.795563389,-0.0439006,-1.762016704,-0.080082826,-0.042946785,-0.195293662,-1.777478551,-0.395814483,-0.126273837,2,Done,BTBT_a=7.8_b=6_theta=27_A1=2_A2=-6_phi1=0_cx=-1.3_cy=2.5_cz=11.5.log
1.3,2.5,11.5,7.8,6,27,2,-6,0,-9.258640221,-1.795563389,-0.544421401,-0.080082826,-0.042946785,-0.0439006,-1.762016704,-0.126273837,-0.395808208,-1.777478551,-0.195293662,2,Done,BTBT_a=7.8_b=6_theta=27_A1=2_A2=-6_phi1=0_cx=1.3_cy=2.5_cz=11.5.log
-1.3,2.3,11.5,7.8,6,27,2,-6,0,-9.255477571,-0.312368203,-1.866911276,-0.047245228,-1.636470779,-0.086721882,-0.453150071,-0.22247112,-1.673380917,-0.395444252,-0.135008777,2,Done,BTBT_a=7.8_b=6_theta=27_A1=2_A2=-6_phi1=0_cx=-1.3_cy=2.3_cz=11.5.log
1.3,2.3,11.5,7.8,6,27,2,-6,0,-9.255477571,-1.866911276,-0.312368203,-0.086721882,-0.453150071,-0.047245228,-1.636470779,-0.135008777,-0.395444252,-1.673380917,-0.22247112,2,Done,BTBT_a=7.8_b=6_theta=27_A1=2_A2=-6_phi1=0_cx=1.3_cy=2.3_cz=11.5.log
-1.5,2.4,11.7,7.8,6,27,2,-6,0,-9.240655786,-0.847132225,-1.575432881,-0.037336845,-1.403658294,-0.078037144,-0.794026054,-0.183069768,-1.645130417,-0.309914639,-0.114401348,2,Done,BTBT_a=7.8_b=6_theta=27_A1=2_A2=-6_phi1=0_cx=-1.5_cy=2.4_cz=11.7.log
1.5,2.4,11.7,7.8,6,27,2,-6,0,-9.240655786,-1.575432881,-0.847132225,-0.078037144,-0.794026054,-0.037336845,-1.403658294,-0.114401348,-0.309914639,-1.645130417,-0.183069768,2,Done,BTBT_a=7.8_b=6_theta=27_A1=2_A2=-6_phi1=0_cx=1.5_cy=2.4_cz=11.7.log
0.1,2.4,11.9,7.8,6,27,2,-6,0,-9.234606588,-1.343015727,-1.262399518,-0.059475398,-1.310968792,-0.056588852,-1.381526016,-0.135881015,-0.758797642,-0.875922384,-0.139715101,2,Done,BTBT_a=7.8_b=6_theta=27_A1=2_A2=-6_phi1=0_cx=0.1_cy=2.4_cz=11.9.log
-0.1,2.4,11.9,7.8,6,27,2,-6,0,-9.234600312,-1.262405793,-1.343015727,-0.056588852,-1.381526016,-0.059475398,-1.310968792,-0.139715101,-0.875916108,-0.758797642,-0.135881015,2,Done,BTBT_a=7.8_b=6_theta=27_A1=2_A2=-6_phi1=0_cx=-0.1_cy=2.4_cz=11.9.log
0,2.4,11.9,7.8,6,27,2,-6,0,-9.234449712,-1.303495148,-1.303495148,-0.058057225,-1.348355837,-0.058057225,-1.348355837,-0.137832572,-0.815825751,-0.815825751,-0.137832572,2,Done,BTBT_a=7.8_b=6_theta=27_A1=2_A2=-6_phi1=0_cx=0.0_cy=2.4_cz=11.9.log
-1.5,2.3,11.7,7.8,6,27,2,-6,0,-9.20939951,-0.828997186,-1.626901251,-0.038623241,-1.341277525,-0.081099393,-0.839087547,-0.195557216,-1.603551604,-0.309582058,-0.118015806,2,Done,BTBT_a=7.8_b=6_theta=27_A1=2_A2=-6_phi1=0_cx=-1.5_cy=2.3_cz=11.7.log
1.5,2.3,11.7,7.8,6,27,2,-6,0,-9.20939951,-1.626901251,-0.828997186,-0.081099393,-0.839087547,-0.038623241,-1.341277525,-0.118015806,-0.309582058,-1.603551604,-0.195557216,2,Done,BTBT_a=7.8_b=6_theta=27_A1=2_A2=-6_phi1=0_cx=1.5_cy=2.3_cz=11.7.log
0,2.5,11.9,7.8,6,27,2,-6,0,-9.204655535,-1.325865879,-1.325865879,-0.055929966,-1.325144242,-0.055929966,-1.325144242,-0.132009279,-0.815687699,-0.815687699,-0.132003004,2,Done,BTBT_a=7.8_b=6_theta=27_A1=2_A2=-6_phi1=0_cx=0.0_cy=2.5_cz=11.9.log
0.1,2.5,11.9,7.8,6,27,2,-6,0,-9.204122152,-1.3601091,-1.289005942,-0.057285388,-1.276706746,-0.054518069,-1.369408798,-0.130283626,-0.758465062,-0.876123187,-0.13367218,2,Done,BTBT_a=7.8_b=6_theta=27_A1=2_A2=-6_phi1=0_cx=0.1_cy=2.5_cz=11.9.log
-0.1,2.5,11.9,7.8,6,27,2,-6,0,-9.204109601,-1.288993391,-1.3601091,-0.054518069,-1.369408798,-0.057285388,-1.276706746,-0.13367218,-0.876123187,-0.758465062,-0.130283626,2,Done,BTBT_a=7.8_b=6_theta=27_A1=2_A2=-6_phi1=0_cx=-0.1_cy=2.5_cz=11.9.log
-0.1,2.3,11.9,7.8,6,27,2,-6,0,-9.157793088,-1.201392995,-1.293580489,-0.058760036,-1.377139721,-0.061765809,-1.324027275,-0.146046677,-0.874592062,-0.758195232,-0.141729409,2,Done,BTBT_a=7.8_b=6_theta=27_A1=2_A2=-6_phi1=0_cx=-0.1_cy=2.3_cz=11.9.log
0.1,2.3,11.9,7.8,6,27,2,-6,0,-9.157793088,-1.293580489,-1.201392995,-0.061765809,-1.324027275,-0.058760036,-1.377139721,-0.141729409,-0.758195232,-0.874592062,-0.146046677,2,Done,BTBT_a=7.8_b=6_theta=27_A1=2_A2=-6_phi1=0_cx=0.1_cy=2.3_cz=11.9.log
-1.5,2.4,11.8,7.8,6,27,2,-6,0,-9.156575719,-0.89545677,-1.476286301,-0.035322538,-1.308126171,-0.075138048,-0.891622684,-0.170005009,-1.663353307,-0.294283365,-0.109669923,2,Done,BTBT_a=7.8_b=6_theta=27_A1=2_A2=-6_phi1=0_cx=-1.5_cy=2.4_cz=11.8.log
1.5,2.4,11.8,7.8,6,27,2,-6,0,-9.156575719,-1.476286301,-0.89545677,-0.075138048,-0.891622684,-0.035322538,-1.308126171,-0.109669923,-0.294283365,-1.663353307,-0.170005009,2,Done,BTBT_a=7.8_b=6_theta=27_A1=2_A2=-6_phi1=0_cx=1.5_cy=2.4_cz=11.8.log
0,2.3,11.9,7.8,6,27,2,-6,0,-9.156123912,-1.24746478,-1.24746478,-0.060291161,-1.352710757,-0.060291161,-1.352710757,-0.143913143,-0.814884486,-0.814884486,-0.143913143,2,Done,BTBT_a=7.8_b=6_theta=27_A1=2_A2=-6_phi1=0_cx=0.0_cy=2.3_cz=11.9.log
-1.5,2.3,11.8,7.8,6,27,2,-6,0,-9.143398009,-0.894848085,-1.528325705,-0.036508532,-1.249083755,-0.078043419,-0.914144018,-0.181356665,-1.632856321,-0.293906859,-0.113102403,2,Done,BTBT_a=7.8_b=6_theta=27_A1=2_A2=-6_phi1=0_cx=-1.5_cy=2.3_cz=11.8.log
1.5,2.3,11.8,7.8,6,27,2,-6,0,-9.143398009,-1.528325705,-0.894848085,-0.078043419,-0.914144018,-0.036508532,-1.249083755,-0.113102403,-0.293906859,-1.632856321,-0.181356665,2,Done,BTBT_a=7.8_b=6_theta=27_A1=2_A2=-6_phi1=0_cx=1.5_cy=2.3_cz=11.8.log
1.3,2.4,11.9,7.8,6,27,2,-6,0,-9.132586012,-1.442137207,-0.913811438,-0.071372987,-0.940574739,-0.03674071,-1.29895825,-0.109701298,-0.318065993,-1.630289805,-0.156438243,2,Done,BTBT_a=7.8_b=6_theta=27_A1=2_A2=-6_phi1=0_cx=1.3_cy=2.4_cz=11.9.log
-1.3,2.4,11.9,7.8,6,27,2,-6,0,-9.132586012,-0.913811438,-1.442137207,-0.03674071,-1.29895825,-0.071372987,-0.940574739,-0.156438243,-1.630289805,-0.318065993,-0.109701298,2,Done,BTBT_a=7.8_b=6_theta=27_A1=2_A2=-6_phi1=0_cx=-1.3_cy=2.4_cz=11.9.log
1.3,2.3,11.9,7.8,6,27,2,-6,0,-9.12996302,-1.488403519,-0.908960785,-0.074115206,-0.963014496,-0.037989455,-1.241628937,-0.11324673,-0.317764789,-1.610724044,-0.166189748,2,Done,BTBT_a=7.8_b=6_theta=27_A1=2_A2=-6_phi1=0_cx=1.3_cy=2.3_cz=11.9.log
-1.3,2.3,11.9,7.8,6,27,2,-6,0,-9.12996302,-0.908960785,-1.488403519,-0.037989455,-1.241628937,-0.074115206,-0.963014496,-0.166189748,-1.610724044,-0.317764789,-0.11324673,2,Done,BTBT_a=7.8_b=6_theta=27_A1=2_A2=-6_phi1=0_cx=-1.3_cy=2.3_cz=11.9.log
1.5,2.2,11.7,7.8,6,27,2,-6,0,-9.121774014,-1.671027754,-0.799635993,-0.084299693,-0.862782324,-0.039984937,-1.279367388,-0.12171184,-0.308992199,-1.552547592,-0.209086332,2,Done,BTBT_a=7.8_b=6_theta=27_A1=2_A2=-6_phi1=0_cx=1.5_cy=2.2_cz=11.7.log
-1.5,2.2,11.7,7.8,6,27,2,-6,0,-9.121767739,-0.799629718,-1.671027754,-0.039984937,-1.279367388,-0.084299693,-0.862782324,-0.209086332,-1.552547592,-0.308992199,-0.12171184,2,Done,BTBT_a=7.8_b=6_theta=27_A1=2_A2=-6_phi1=0_cx=-1.5_cy=2.2_cz=11.7.log
-1.5,2.2,11.8,7.8,6,27,2,-6,0,-9.086068695,-0.884613397,-1.574698694,-0.037751002,-1.190580998,-0.081080567,-0.920695222,-0.19361821,-1.594684888,-0.293417401,-0.116603908,2,Done,BTBT_a=7.8_b=6_theta=27_A1=2_A2=-6_phi1=0_cx=-1.5_cy=2.2_cz=11.8.log
1.5,2.2,11.8,7.8,6,27,2,-6,0,-9.086068695,-1.574692419,-0.884613397,-0.081086842,-0.920695222,-0.037751002,-1.190580998,-0.116603908,-0.293417401,-1.594684888,-0.19361821,2,Done,BTBT_a=7.8_b=6_theta=27_A1=2_A2=-6_phi1=0_cx=1.5_cy=2.2_cz=11.8.log
1.3,2.2,11.9,7.8,6,27,2,-6,0,-9.08225971,-1.527189912,-0.890361389,-0.076982927,-0.969333522,-0.039294676,-1.184694954,-0.116873737,-0.317243955,-1.586439407,-0.176644065,2,Done,BTBT_a=7.8_b=6_theta=27_A1=2_A2=-6_phi1=0_cx=1.3_cy=2.2_cz=11.9.log
-1.3,2.2,11.9,7.8,6,27,2,-6,0,-9.08225971,-0.890361389,-1.527189912,-0.039294676,-1.184694954,-0.076982927,-0.969333522,-0.176644065,-1.586439407,-0.317243955,-0.116873737,2,Done,BTBT_a=7.8_b=6_theta=27_A1=2_A2=-6_phi1=0_cx=-1.3_cy=2.2_cz=11.9.log
0,2.6,11.9,7.8,6,27,2,-6,0,-9.077459259,-1.323588018,-1.323588018,-0.053890559,-1.279411314,-0.053890559,-1.279411314,-0.12644954,-0.81447033,-0.81447033,-0.12644954,2,Done,BTBT_a=7.8_b=6_theta=27_A1=2_A2=-6_phi1=0_cx=0.0_cy=2.6_cz=11.9.log
-0.1,2.6,11.9,7.8,6,27,2,-6,0,-9.076794097,-1.290449215,-1.353501419,-0.052547687,-1.337675617,-0.05518323,-1.217030545,-0.127917913,-0.875125446,-0.757235142,-0.124924691,2,Done,BTBT_a=7.8_b=6_theta=27_A1=2_A2=-6_phi1=0_cx=-0.1_cy=2.6_cz=11.9.log
0.1,2.6,11.9,7.8,6,27,2,-6,0,-9.076794097,-1.353501419,-1.290449215,-0.05518323,-1.217030545,-0.052547687,-1.337675617,-0.124924691,-0.757235142,-0.875125446,-0.127917913,2,Done,BTBT_a=7.8_b=6_theta=27_A1=2_A2=-6_phi1=0_cx=0.1_cy=2.6_cz=11.9.log
1.4,2.4,11.9,7.8,6,27,2,-6,0,-9.04208652,-1.412694437,-0.9067394,-0.071881271,-0.934889499,-0.035058984,-1.258245401,-0.107398337,-0.297809971,-1.648851551,-0.157228905,2,Done,BTBT_a=7.8_b=6_theta=27_A1=2_A2=-6_phi1=0_cx=1.4_cy=2.4_cz=11.9.log
-1.4,2.4,11.9,7.8,6,27,2,-6,0,-9.04208652,-0.9067394,-1.412694437,-0.035058984,-1.258245401,-0.071881271,-0.934889499,-0.157228905,-1.648851551,-0.297809971,-0.107398337,2,Done,BTBT_a=7.8_b=6_theta=27_A1=2_A2=-6_phi1=0_cx=-1.4_cy=2.4_cz=11.9.log
1.4,2.3,11.9,7.8,6,27,2,-6,0,-9.040116138,-1.462142226,-0.910027552,-0.074636039,-0.949284578,-0.036226152,-1.201637724,-0.110793166,-0.297546417,-1.627478561,-0.16726279,2,Done,BTBT_a=7.8_b=6_theta=27_A1=2_A2=-6_phi1=0_cx=1.4_cy=2.3_cz=11.9.log
-1.4,2.3,11.9,7.8,6,27,2,-6,0,-9.040116138,-0.910027552,-1.462142226,-0.036226152,-1.201637724,-0.074636039,-0.949284578,-0.16726279,-1.627478561,-0.297546417,-0.110793166,2,Done,BTBT_a=7.8_b=6_theta=27_A1=2_A2=-6_phi1=0_cx=-1.4_cy=2.3_cz=11.9.log
1.4,2.2,11.9,7.8,6,27,2,-6,0,-8.998631452,-1.505810647,-0.902629209,-0.077522585,-0.94971756,-0.037449796,-1.145494405,-0.114275846,-0.296994208,-1.600677608,-0.178055962,2,Done,BTBT_a=7.8_b=6_theta=27_A1=2_A2=-6_phi1=0_cx=1.4_cy=2.2_cz=11.9.log
-1.4,2.2,11.9,7.8,6,27,2,-6,0,-8.998631452,-0.902629209,-1.505810647,-0.037449796,-1.145494405,-0.077522585,-0.94971756,-0.178055962,-1.600677608,-0.296994208,-0.114275846,2,Done,BTBT_a=7.8_b=6_theta=27_A1=2_A2=-6_phi1=0_cx=-1.4_cy=2.2_cz=11.9.log
1.5,2.4,11.9,7.8,6,27,2,-6,0,-8.910999682,-1.378852823,-0.902070726,-0.072326802,-0.932473585,-0.033396082,-1.215311167,-0.105107925,-0.279373727,-1.645895979,-0.157906616,2,Done,BTBT_a=7.8_b=6_theta=27_A1=2_A2=-6_phi1=0_cx=1.5_cy=2.4_cz=11.9.log
-1.5,2.4,11.9,7.8,6,27,2,-6,0,-8.910993406,-0.902070726,-1.378852823,-0.033396082,-1.215304892,-0.072326802,-0.932473585,-0.157906616,-1.645895979,-0.279373727,-0.105107925,2,Done,BTBT_a=7.8_b=6_theta=27_A1=2_A2=-6_phi1=0_cx=-1.5_cy=2.4_cz=11.9.log
1.5,2.3,11.9,7.8,6,27,2,-6,0,-8.90904185,-1.430547097,-0.912926649,-0.075087847,-0.938529056,-0.034494225,-1.159600829,-0.108364702,-0.278990946,-1.623349545,-0.168222881,2,Done,BTBT_a=7.8_b=6_theta=27_A1=2_A2=-6_phi1=0_cx=1.5_cy=2.3_cz=11.9.log
-1.5,2.3,11.9,7.8,6,27,2,-6,0,-8.909035575,-0.912926649,-1.430540822,-0.034494225,-1.159600829,-0.075087847,-0.938529056,-0.168222881,-1.623349545,-0.278990946,-0.108364702,2,Done,BTBT_a=7.8_b=6_theta=27_A1=2_A2=-6_phi1=0_cx=-1.5_cy=2.3_cz=11.9.log
-1.5,2.2,11.9,7.8,6,27,2,-6,0,-8.872345064,-0.915750443,-1.477880177,-0.035630018,-1.104248172,-0.077968118,-0.932831266,-0.179348633,-1.594509185,-0.278476388,-0.11168423,2,Done,BTBT_a=7.8_b=6_theta=27_A1=2_A2=-6_phi1=0_cx=-1.5_cy=2.2_cz=11.9.log
1.5,2.2,11.9,7.8,6,27,2,-6,0,-8.872345064,-1.477880177,-0.915750443,-0.077968118,-0.932831266,-0.035630018,-1.104248172,-0.11168423,-0.278476388,-1.594509185,-0.179348633,2,Done,BTBT_a=7.8_b=6_theta=27_A1=2_A2=-6_phi1=0_cx=1.5_cy=2.2_cz=11.9.log
-0.1,2.4,12,7.8,6,27,2,-6,0,-8.757604861,-1.218348316,-1.285328733,-0.05399096,-1.315129183,-0.05680848,-1.262386967,-0.131971628,-0.815449245,-0.706764513,-0.128620725,2,Done,BTBT_a=7.8_b=6_theta=27_A1=2_A2=-6_phi1=0_cx=-0.1_cy=2.4_cz=12.0.log
0.1,2.4,12,7.8,6,27,2,-6,0,-8.757598586,-1.285328733,-1.218342041,-0.05680848,-1.262386967,-0.05399096,-1.315129183,-0.128620725,-0.706764513,-0.815449245,-0.131971628,2,Done,BTBT_a=7.8_b=6_theta=27_A1=2_A2=-6_phi1=0_cx=0.1_cy=2.4_cz=12.0.log
0,2.4,12,7.8,6,27,2,-6,0,-8.756757722,-1.252616637,-1.252616637,-0.055421683,-1.290624917,-0.055415408,-1.290624917,-0.130327552,-0.759531829,-0.759531829,-0.130327552,2,Done,BTBT_a=7.8_b=6_theta=27_A1=2_A2=-6_phi1=0_cx=0.0_cy=2.4_cz=12.0.log
0.1,2.5,12,7.8,6,27,2,-6,0,-8.73779437,-1.287857598,-1.228583004,-0.054750247,-1.250985111,-0.052051954,-1.320017486,-0.123412392,-0.706494684,-0.815505721,-0.126361689,2,Done,BTBT_a=7.8_b=6_theta=27_A1=2_A2=-6_phi1=0_cx=0.1_cy=2.5_cz=12.0.log
-0.1,2.5,12,7.8,6,27,2,-6,0,-8.737788095,-1.228583004,-1.287851323,-0.052051954,-1.320017486,-0.054750247,-1.250985111,-0.126361689,-0.815505721,-0.706494684,-0.123412392,2,Done,BTBT_a=7.8_b=6_theta=27_A1=2_A2=-6_phi1=0_cx=-0.1_cy=2.5_cz=12.0.log
0,2.5,12,7.8,6,27,2,-6,0,-8.737373939,-1.259406295,-1.259406295,-0.053419926,-1.287349315,-0.053419926,-1.287349315,-0.124918416,-0.759337301,-0.759337301,-0.124918416,2,Done,BTBT_a=7.8_b=6_theta=27_A1=2_A2=-6_phi1=0_cx=0.0_cy=2.5_cz=12.0.log
-0.1,2.6,12,7.8,6,27,2,-6,0,-8.645261745,-1.219007201,-1.271793342,-0.050207075,-1.311131944,-0.052786141,-1.221824721,-0.121015304,-0.814438954,-0.705390266,-0.118411137,2,Done,BTBT_a=7.8_b=6_theta=27_A1=2_A2=-6_phi1=0_cx=-0.1_cy=2.6_cz=12.0.log
0.1,2.6,12,7.8,6,27,2,-6,0,-8.645261745,-1.271793342,-1.219007201,-0.052786141,-1.221824721,-0.050207075,-1.311131944,-0.118411137,-0.705390266,-0.814438954,-0.121015304,2,Done,BTBT_a=7.8_b=6_theta=27_A1=2_A2=-6_phi1=0_cx=0.1_cy=2.6_cz=12.0.log
0,2.6,12,7.8,6,27,2,-6,0,-8.645155069,-1.246818444,-1.246818444,-0.051518571,-1.268316937,-0.051518571,-1.268316937,-0.119754008,-0.758207783,-0.758207783,-0.119754008,2,Done,BTBT_a=7.8_b=6_theta=27_A1=2_A2=-6_phi1=0_cx=0.0_cy=2.6_cz=12.0.log
0.8,2.4,11.7,7.8,6,27,2,-6,0,0,0,0,0,0,0,0,0,0,0,0,2,InProgress,BTBT_a=7.8_b=6_theta=27_A1=2_A2=-6_phi1=0_cx=0.8_cy=2.4_cz=11.7.log
-0.8,2.4,11.7,7.8,6,27,2,-6,0,0,0,0,0,0,0,0,0,0,0,0,2,InProgress,BTBT_a=7.8_b=6_theta=27_A1=2_A2=-6_phi1=0_cx=-0.8_cy=2.4_cz=11.7.log
